AcademicYear,CourseName,Seats
2018/2019,AGRI BUSINESS MANAGEMENT,500
2018/2019,AGRICULTURAL RESOURCE MANAGEMENT & TECHNOLOGY,500
2018/2019,AGRICULTURAL TECHNOLOGY & MANAGEMENT,500
2018/2019,AGRICULTURE,500
2018/2019,ANIMAL SCIENCE,500
2018/2019,ANIMAL SCIENCE & FISHERIES,500
2018/2019,APPLIED SCIENCES (BIO.SC),500
2018/2019,APPLIED SCIENCES (PHY.SC),500
2018/2019,AQUATIC RESOURCES TECHNOLOGY,500
2018/2019,ARABIC LANGUAGE,500
2018/2019,ARCHITECTURE,500
2018/2019,ART & DESIGN,500
2018/2019,ARTS,500
2018/2019,ARTS (SAB) - A [Arts Stream],500
2018/2019,ARTS (SAB) - B [Commerce Stream],500
2018/2019,ARTS (SP) / MASS MEDIA,500
2018/2019,ARTS (SP) / PERFORMING ARTS,500
2018/2019,AYURVEDIC MEDICINE & SURGERY,500
2018/2019,BIOLOGICAL SCIENCE,500
2018/2019,BIOSYSTEMS TECHNOLOGY,500
2018/2019,BUSINESS INFORMATION SYSTEMS (SPECIAL),500
2018/2019,BUSINESS SCIENCE,500
2018/2019,COMMERCE,500
2018/2019,COMMUNICATION STUDIES,500
2018/2019,COMPUTATION & MANAGEMENT,500
2018/2019,COMPUTER SCIENCE,500
2018/2019,COMPUTER SCIENCE & TECHNOLOGY,500
2018/2019,COMPUTING & INFORMATION SYSTEMS,500
2018/2019,DANCE,500
2018/2019,DENTAL SURGERY,500
2018/2019,DESIGN,500
2018/2019,DRAMA & THEATRE,500
2018/2019,ENGINEERING,500
2018/2019,ENGINEERING (EM),500
2018/2019,ENGINEERING (TM),500
2018/2019,ENGINEERING TECHNOLOGY,500
2018/2019,ENTREPRENEURSHIP & MANAGEMENT,500
2018/2019,ENVIRONMENTAL CONSERVATION & MANAGEMENT,500
2018/2019,ESTATE MANAGEMENT & VALUATION,500
2018/2019,EXPORT AGRICULTURE,500
2018/2019,FACILITIES MANAGEMENT,500
2018/2019,FASHION DESIGN & PRODUCT DEVELOPMENT,500
2018/2019,FILM & TELEVISION STUDIES,500
2018/2019,FINANCIAL ENGINEERING,500
2018/2019,FISHERIES & MARINE SCIENCES,500
2018/2019,FOOD BUSINESS MANAGEMENT,500
2018/2019,FOOD PRODUCTION & TECHNOLOGY MANAGEMENT,500
2018/2019,FOOD SCIENCE & NUTRITION,500
2018/2019,FOOD SCIENCE & TECHNOLOGY,500
2018/2019,GEOGRAPHICAL INFORMATION SCIENCE,500
2018/2019,GREEN TECHNOLOGY,500
2018/2019,HEALTH PROMOTION,500
2018/2019,"HOSPITALITY, TOURISM AND EVENTS MANAGEMENT",500
2018/2019,INDUSTRIAL INFORMATION TECHNOLOGY,500
2018/2019,INDUSTRIAL STATISTICS & MATHEMATICAL FINANCE,500
2018/2019,INFORMATION & COMMUNICATION TECHNOLOGY,500
2018/2019,INFORMATION COMMUNICATION TECHNOLOGY,500
2018/2019,INFORMATION SYSTEMS,500
2018/2019,INFORMATION TECHNOLOGY,500
2018/2019,INFORMATION TECHNOLOGY & MANAGEMENT,500
2018/2019,ISLAMIC STUDIES,500
2018/2019,LANDSCAPE ARCHITECTURE,500
2018/2019,LAW,500
2018/2019,MANAGEMENT,500
2018/2019,MANAGEMENT & INFORMATION TECHNOLOGY,500
2018/2019,MANAGEMENT & INFORMATION TECHNOLOGY (SEUSL),500
2018/2019,MANAGEMENT (PUBLIC) (SPECIAL),500
2018/2019,MANAGEMENT STUDIES (TV) - A [Commerce Stream],500
2018/2019,MANAGEMENT STUDIES (TV) - B [Any subject combination],500
2018/2019,MARINE AND FRESHWATER SCIENCES,500
2018/2019,MEDICAL LABORATORY SCIENCES,500
2018/2019,MEDICINE,500
2018/2019,MINERAL RESOURCES & TECHNOLOGY,500
2018/2019,MOLECULAR BIOLOGY & BIOCHEMISTRY,500
2018/2019,MUSIC,500
2018/2019,NURSING,500
2018/2019,PALM & LATEX TECHNOLOGY AND VALUE ADDITION,500
2018/2019,PEACE & CONFLICT RESOLUTION,500
2018/2019,PHARMACY,500
2018/2019,PHYSICAL EDUCATION,500
2018/2019,PHYSICAL SCIENCE,500
2018/2019,PHYSICAL SCIENCE -ICT,500
2018/2019,PHYSIOTHERAPY,500
2018/2019,PROJECT MANAGEMENT,500
2018/2019,QUANTITY SURVEYING,500
2018/2019,RADIOGRAPHY,500
2018/2019,SCIENCE & TECHNOLOGY,500
2018/2019,SIDDHA MEDICINE & SURGERY,500
2018/2019,SOCIAL WORK,500
2018/2019,SOFTWARE ENGINEERING,500
2018/2019,SPEECH & HEARING SCIENCES,500
2018/2019,SPORTS SCIENCE & MANAGEMENT,500
2018/2019,STATISTICS & OPERATIONS RESEARCH,500
2018/2019,SURVEYING SCIENCE,500
2018/2019,TEA TECHNOLOGY & VALUE ADDITION,500
2018/2019,TEACHING ENGLISH AS A SECOND LANGUAGE,500
2018/2019,TOURISM & HOSPITALITY MANAGEMENT,500
2018/2019,TOWN & COUNTRY PLANNING,500
2018/2019,TRANSLATION STUDIES,500
2018/2019,TRANSPORT & LOGISTICS MANAGEMENT,500
2018/2019,UNANI MEDICINE & SURGERY,500
2018/2019,VETERINARY SCIENCE,500
2018/2019,VISUAL & TECHNOLOGICAL ARTS,500
2018/2019,VISUAL ARTS,500
2019/2020,AGRI BUSINESS MANAGEMENT,515
2019/2020,AGRICULTURAL RESOURCE MANAGEMENT & TECHNOLOGY,515
2019/2020,AGRICULTURAL TECHNOLOGY & MANAGEMENT,515
2019/2020,AGRICULTURE,515
2019/2020,ANIMAL SCIENCE,515
2019/2020,ANIMAL SCIENCE & FISHERIES,515
2019/2020,APPLIED SCIENCES (BIO.SC),515
2019/2020,APPLIED SCIENCES (PHY.SC),515
2019/2020,AQUATIC RESOURCES TECHNOLOGY,515
2019/2020,ARABIC LANGUAGE,515
2019/2020,ARCHITECTURE,515
2019/2020,ART & DESIGN,515
2019/2020,ARTS,515
2019/2020,ARTS (SAB) - A [Arts Stream],515
2019/2020,ARTS (SAB) - B [Commerce Stream],515
2019/2020,ARTS (SP) / MASS MEDIA,515
2019/2020,ARTS (SP) / PERFORMING ARTS,515
2019/2020,AYURVEDIC MEDICINE & SURGERY,515
2019/2020,BIOLOGICAL SCIENCE,515
2019/2020,BIOSYSTEMS TECHNOLOGY (BST),515
2019/2020,BUSINESS INFORMATION SYSTEMS (SPECIAL) (BIS),515
2019/2020,BUSINESS SCIENCE,515
2019/2020,COMMERCE,515
2019/2020,COMMUNICATION STUDIES,515
2019/2020,COMPUTATION & MANAGEMENT,515
2019/2020,COMPUTER SCIENCE,515
2019/2020,COMPUTER SCIENCE & TECHNOLOGY,515
2019/2020,COMPUTING & INFORMATION SYSTEMS,515
2019/2020,DANCE,515
2019/2020,DENTAL SURGERY,515
2019/2020,DESIGN,515
2019/2020,DRAMA & THEATRE,515
2019/2020,ENGINEERING,515
2019/2020,ENGINEERING (EM),515
2019/2020,ENGINEERING (TM),515
2019/2020,ENGINEERING TECHNOLOGY (ET),515
2019/2020,ENTREPRENEURSHIP & MANAGEMENT,515
2019/2020,ENVIRONMENTAL CONSERVATION & MANAGEMENT,515
2019/2020,ESTATE MANAGEMENT & VALUATION,515
2019/2020,EXPORT AGRICULTURE,515
2019/2020,FACILITIES MANAGEMENT,515
2019/2020,FASHION DESIGN & PRODUCT DEVELOPMENT,515
2019/2020,FILM & TELEVISION STUDIES,515
2019/2020,FINANCIAL ENGINEERING,515
2019/2020,FINANCIAL MATHEMATICS AND INDUSTRIAL STATISTICS,515
2019/2020,FISHERIES & MARINE SCIENCES,515
2019/2020,FOOD BUSINESS MANAGEMENT,515
2019/2020,FOOD PRODUCTION & TECHNOLOGY MANAGEMENT,515
2019/2020,FOOD SCIENCE & NUTRITION,515
2019/2020,FOOD SCIENCE & TECHNOLOGY,515
2019/2020,GEOGRAPHICAL INFORMATION SCIENCE,515
2019/2020,GREEN TECHNOLOGY,515
2019/2020,HEALTH PROMOTION,515
2019/2020,"HOSPITALITY, TOURISM AND EVENTS MANAGEMENT",515
2019/2020,HUMAN RESOURCE DEVELOPMENT,515
2019/2020,INDUSTRIAL INFORMATION TECHNOLOGY,515
2019/2020,INDUSTRIAL STATISTICS & MATHEMATICAL FINANCE,515
2019/2020,INFORMATION AND COMMUNICATION TECHNOLOGY (ICT),515
2019/2020,INFORMATION COMMUNICATION TECHNOLOGY,515
2019/2020,INFORMATION SYSTEMS,515
2019/2020,INFORMATION TECHNOLOGY & MANAGEMENT,515
2019/2020,INFORMATION TECHNOLOGY (IT),515
2019/2020,ISLAMIC STUDIES,515
2019/2020,LANDSCAPE ARCHITECTURE,515
2019/2020,LAW,515
2019/2020,MANAGEMENT,515
2019/2020,MANAGEMENT (PUBLIC) SPECIAL,515
2019/2020,MANAGEMENT AND INFORMATION TECHNOLOGY (MIT),515
2019/2020,MANAGEMENT AND INFORMATION TECHNOLOGY (SEUSL),515
2019/2020,MANAGEMENT STUDIES (TV) - A [Commerce Stream],515
2019/2020,MANAGEMENT STUDIES (TV) - B [Any subject combination],515
2019/2020,MARINE AND FRESHWATER SCIENCES,515
2019/2020,MEDICAL LABORATORY SCIENCES,515
2019/2020,MEDICINE,515
2019/2020,MINERAL RESOURCES AND TECHNOLOGY,515
2019/2020,MOLECULAR BIOLOGY & BIOCHEMISTRY,515
2019/2020,MUSIC,515
2019/2020,NURSING,515
2019/2020,PALM AND LATEX TECHNOLOGY & VALUE ADDITION,515
2019/2020,PEACE & CONFLICT RESOLUTION,515
2019/2020,PHARMACY,515
2019/2020,PHYSICAL EDUCATION,515
2019/2020,PHYSICAL SCIENCE,515
2019/2020,PHYSICAL SCIENCE -ICT,515
2019/2020,PHYSIOTHERAPY,515
2019/2020,PROJECT MANAGEMENT,515
2019/2020,QUANTITY SURVEYING,515
2019/2020,RADIOGRAPHY,515
2019/2020,SCIENCE AND TECHNOLOGY,515
2019/2020,SIDDHA MEDICINE & SURGERY,515
2019/2020,SOCIAL WORK,515
2019/2020,SOFTWARE ENGINEERING,515
2019/2020,SPEECH AND HEARING SCIENCES,515
2019/2020,SPORTS SCIENCE & MANAGEMENT,515
2019/2020,STATISTICS & OPERATIONS RESEARCH,515
2019/2020,SURVEYING SCIENCE,515
2019/2020,TEA TECHNOLOGY & VALUE ADDITION,515
2019/2020,TEACHING ENGLISH AS A SECOND LANGUAGE (TESL),515
2019/2020,TOURISM & HOSPITALITY MANAGEMENT,515
2019/2020,TOWN & COUNTRY PLANNING,515
2019/2020,TRANSLATION STUDIES,515
2019/2020,TRANSPORT & LOGISTICS MANAGEMENT,515
2019/2020,UNANI MEDICINE & SURGERY,515
2019/2020,VETERINARY SCIENCE,515
2019/2020,VISUAL & TECHNOLOGICAL ARTS,515
2019/2020,VISUAL ARTS,515
2020/2021,ACCOUNTING INFORMATION SYSTEMS,530
2020/2021,AGRI BUSINESS MANAGEMENT,530
2020/2021,AGRICULTURAL RESOURCE MANAGEMENT AND TECHNOLOGY,530
2020/2021,AGRICULTURAL TECHNOLOGY & MANAGEMENT,530
2020/2021,AGRICULTURE,530
2020/2021,ANIMAL SCIENCE,530
2020/2021,ANIMAL SCIENCE & FISHERIES,530
2020/2021,APPLIED CHEMISTRY,530
2020/2021,APPLIED SCIENCES (BIO.SC),530
2020/2021,APPLIED SCIENCES (PHY.SC),530
2020/2021,AQUATIC BIORESOURCES,530
2020/2021,AQUATIC RESOURCES TECHNOLOGY,530
2020/2021,ARABIC LANGUAGE,530
2020/2021,ARCHITECTURE,530
2020/2021,ART & DESIGN,530
2020/2021,ARTIFICIAL INTELLIGENCE,530
2020/2021,ARTS,530
2020/2021,ARTS (SAB) - A [Arts Stream],530
2020/2021,ARTS (SAB) - B [Commerce Stream],530
2020/2021,ARTS (SP) / MASS MEDIA,530
2020/2021,ARTS (SP) / PERFORMING ARTS,530
2020/2021,ARTS-INFORMATION TECHNOLOGY,530
2020/2021,AYURVEDIC MEDICINE & SURGERY,530
2020/2021,BIOCHEMISTRY & MOLECULAR BIOLOGY,530
2020/2021,BIOLOGICAL SCIENCE,530
2020/2021,BIOMEDICAL TECHNOLOGY,530
2020/2021,BIOSYSTEMS TECHNOLOGY (BST),530
2020/2021,BUSINESS INFORMATION SYSTEMS (HONOURS) (BIS),530
2020/2021,BUSINESS SCIENCE,530
2020/2021,COMMERCE,530
2020/2021,COMMUNICATION STUDIES,530
2020/2021,COMPUTER SCIENCE,530
2020/2021,COMPUTER SCIENCE & TECHNOLOGY,530
2020/2021,COMPUTING & INFORMATION SYSTEMS,530
2020/2021,DANCE,530
2020/2021,DENTAL SURGERY,530
2020/2021,DESIGN,530
2020/2021,DRAMA & THEATRE,530
2020/2021,ELECTRONICS AND COMPUTER SCIENCE,530
2020/2021,ENGINEERING,530
2020/2021,ENGINEERING (EM),530
2020/2021,ENGINEERING (TM),530
2020/2021,ENGINEERING TECHNOLOGY (ET),530
2020/2021,ENTREPRENEURSHIP AND MANAGEMENT,530
2020/2021,ENVIRONMENTAL CONSERVATION & MANAGEMENT,530
2020/2021,ESTATE MANAGEMENT & VALUATION,530
2020/2021,EXPORT AGRICULTURE,530
2020/2021,FACILITIES MANAGEMENT,530
2020/2021,FASHION DESIGN & PRODUCT DEVELOPMENT,530
2020/2021,FILM & TELEVISION STUDIES,530
2020/2021,FINANCIAL ENGINEERING,530
2020/2021,FINANCIAL MATHEMATICS AND INDUSTRIAL STATISTICS,530
2020/2021,FISHERIES & MARINE SCIENCES,530
2020/2021,FOOD BUSINESS MANAGEMENT,530
2020/2021,FOOD PRODUCTION & TECHNOLOGY MANAGEMENT,530
2020/2021,FOOD SCIENCE & NUTRITION,530
2020/2021,FOOD SCIENCE & TECHNOLOGY,530
2020/2021,GEOGRAPHICAL INFORMATION SCIENCE,530
2020/2021,GREEN TECHNOLOGY,530
2020/2021,HEALTH INFORMATION AND COMMUNICATION TECHNOLOGY,530
2020/2021,HEALTH PROMOTION,530
2020/2021,HEALTH TOURISM AND HOSPITALITY MANAGEMENT,530
2020/2021,"HOSPITALITY, TOURISM AND EVENTS MANAGEMENT",530
2020/2021,HUMAN RESOURCE DEVELOPMENT,530
2020/2021,INDIGENOUS MEDICINAL RESOURCES,530
2020/2021,INDIGENOUS PHARMACEUTICAL TECHNOLOGY,530
2020/2021,INDUSTRIAL INFORMATION TECHNOLOGY,530
2020/2021,INDUSTRIAL STATISTICS & MATHEMATICAL FINANCE,530
2020/2021,INFORMATION AND COMMUNICATION TECHNOLOGY (ICT),530
2020/2021,INFORMATION COMMUNICATION TECHNOLOGY,530
2020/2021,INFORMATION SYSTEMS,530
2020/2021,INFORMATION TECHNOLOGY & MANAGEMENT,530
2020/2021,INFORMATION TECHNOLOGY (IT),530
2020/2021,ISLAMIC STUDIES,530
2020/2021,LANDSCAPE ARCHITECTURE,530
2020/2021,LAW,530
2020/2021,MANAGEMENT,530
2020/2021,MANAGEMENT (PUBLIC) HONOURS,530
2020/2021,MANAGEMENT AND INFORMATION TECHNOLOGY (MIT),530
2020/2021,MANAGEMENT AND INFORMATION TECHNOLOGY (SEUSL),530
2020/2021,MANAGEMENT STUDIES (TV) - A [Commerce Stream],530
2020/2021,MANAGEMENT STUDIES (TV) - B [Any subject combination],530
2020/2021,MARINE AND FRESHWATER SCIENCES,530
2020/2021,MEDICAL LABORATORY SCIENCES,530
2020/2021,MEDICINE,530
2020/2021,MINERAL RESOURCES AND TECHNOLOGY,530
2020/2021,MUSIC,530
2020/2021,NURSING,530
2020/2021,OCCUPATIONAL THERAPY,530
2020/2021,OPTOMETRY,530
2020/2021,PALM AND LATEX TECHNOLOGY & VALUE ADDITION,530
2020/2021,PEACE & CONFLICT RESOLUTION,530
2020/2021,PHARMACY,530
2020/2021,PHYSICAL EDUCATION,530
2020/2021,PHYSICAL SCIENCE,530
2020/2021,PHYSICAL SCIENCE -ICT,530
2020/2021,PHYSIOTHERAPY,530
2020/2021,PROJECT MANAGEMENT,530
2020/2021,QUANTITY SURVEYING,530
2020/2021,RADIOGRAPHY,530
2020/2021,SCIENCE AND TECHNOLOGY,530
2020/2021,SIDDHA MEDICINE & SURGERY,530
2020/2021,SOCIAL STUDIES IN INDIGENOUS KNOWLEDGE,530
2020/2021,SOCIAL WORK,530
2020/2021,SOFTWARE ENGINEERING,530
2020/2021,SPEECH AND HEARING SCIENCES,530
2020/2021,SPORTS SCIENCE & MANAGEMENT,530
2020/2021,STATISTICS & OPERATIONS RESEARCH,530
2020/2021,SURVEYING SCIENCE,530
2020/2021,TEA TECHNOLOGY & VALUE ADDITION,530
2020/2021,TEACHING ENGLISH AS A SECOND LANGUAGE (TESL),530
2020/2021,TOURISM & HOSPITALITY MANAGEMENT,530
2020/2021,TOWN & COUNTRY PLANNING,530
2020/2021,TRANSLATION STUDIES,530
2020/2021,TRANSPORT & LOGISTICS MANAGEMENT,530
2020/2021,UNANI MEDICINE & SURGERY,530
2020/2021,URBAN BIORESOURCES,530
2020/2021,VETERINARY SCIENCE,530
2020/2021,VISUAL & TECHNOLOGICAL ARTS,530
2020/2021,VISUAL ARTS,530
2020/2021,YOGA AND PARAPSYCHOLOGY,530
2021/2022,ACCOUNTING INFORMATION SYSTEMS,546
2021/2022,AGRI BUSINESS MANAGEMENT,546
2021/2022,AGRICULTURAL RESOURCE MANAGEMENT AND TECHNOLOGY,546
2021/2022,AGRICULTURAL TECHNOLOGY & MANAGEMENT,546
2021/2022,AGRICULTURE,546
2021/2022,ANIMAL PRODUCTION AND FOOD TECHNOLOGY,546
2021/2022,ANIMAL SCIENCE & FISHERIES,546
2021/2022,APPLIED CHEMISTRY,546
2021/2022,APPLIED SCIENCES (BIO.SC),546
2021/2022,APPLIED SCIENCES (PHY.SC),546
2021/2022,AQUATIC BIORESOURCES,546
2021/2022,AQUATIC RESOURCES TECHNOLOGY,546
2021/2022,ARABIC LANGUAGE,546
2021/2022,ARCHITECTURE,546
2021/2022,ART & DESIGN,546
2021/2022,ARTIFICIAL INTELLIGENCE,546
2021/2022,ARTS,546
2021/2022,ARTS (SAB) - A [Arts Stream],546
2021/2022,ARTS (SAB) - B [Commerce Stream],546
2021/2022,ARTS (SP) / MASS MEDIA,546
2021/2022,ARTS (SP) / PERFORMING ARTS,546
2021/2022,ARTS-INFORMATION TECHNOLOGY,546
2021/2022,AYURVEDIC MEDICINE & SURGERY,546
2021/2022,BANKING & INSURANCE,546
2021/2022,BIOCHEMISTRY & MOLECULAR BIOLOGY,546
2021/2022,BIOLOGICAL SCIENCE,546
2021/2022,BIOMEDICAL TECHNOLOGY,546
2021/2022,BIOSYSTEMS TECHNOLOGY (BST),546
2021/2022,BUSINESS INFORMATION SYSTEMS (HONOURS) (BIS),546
2021/2022,BUSINESS SCIENCE,546
2021/2022,COMMERCE,546
2021/2022,COMMUNICATION STUDIES,546
2021/2022,COMPUTER SCIENCE,546
2021/2022,COMPUTER SCIENCE & TECHNOLOGY,546
2021/2022,COMPUTING & INFORMATION SYSTEMS,546
2021/2022,CREATIVE MUSIC TECHNOLOGY & PRODUCTION,546
2021/2022,DANCE,546
2021/2022,DENTAL SURGERY,546
2021/2022,DESIGN,546
2021/2022,DRAMA & THEATRE,546
2021/2022,ELECTRONICS AND COMPUTER SCIENCE,546
2021/2022,ENGINEERING,546
2021/2022,ENGINEERING (EM),546
2021/2022,ENGINEERING (TM),546
2021/2022,ENGINEERING TECHNOLOGY (ET),546
2021/2022,ENGLISH LANGUAGE & APPLIED LINGUISTICS,546
2021/2022,ENTREPRENEURSHIP AND MANAGEMENT,546
2021/2022,ENVIRONMENTAL CONSERVATION & MANAGEMENT,546
2021/2022,ESTATE MANAGEMENT & VALUATION,546
2021/2022,EXPORT AGRICULTURE,546
2021/2022,FACILITIES MANAGEMENT,546
2021/2022,FASHION DESIGN & PRODUCT DEVELOPMENT,546
2021/2022,FILM & TELEVISION STUDIES,546
2021/2022,FINANCIAL ECONOMICS,546
2021/2022,FINANCIAL ENGINEERING,546
2021/2022,FINANCIAL MATHEMATICS AND INDUSTRIAL STATISTICS,546
2021/2022,FISHERIES & MARINE SCIENCES,546
2021/2022,FOOD BUSINESS MANAGEMENT [Biological / Physical Science Stream],546
2021/2022,FOOD BUSINESS MANAGEMENT [Commerce Stream],546
2021/2022,FOOD PRODUCTION & TECHNOLOGY MANAGEMENT,546
2021/2022,FOOD SCIENCE & NUTRITION,546
2021/2022,FOOD SCIENCE & TECHNOLOGY,546
2021/2022,GEOGRAPHICAL INFORMATION SCIENCE,546
2021/2022,GREEN TECHNOLOGY,546
2021/2022,HEALTH INFORMATION AND COMMUNICATION TECHNOLOGY,546
2021/2022,HEALTH PROMOTION,546
2021/2022,HEALTH TOURISM AND HOSPITALITY MANAGEMENT,546
2021/2022,"HOSPITALITY, TOURISM AND EVENTS MANAGEMENT",546
2021/2022,HUMAN RESOURCE DEVELOPMENT,546
2021/2022,INDIGENOUS MEDICINAL RESOURCES,546
2021/2022,INDIGENOUS PHARMACEUTICAL TECHNOLOGY,546
2021/2022,INDUSTRIAL INFORMATION TECHNOLOGY,546
2021/2022,INDUSTRIAL STATISTICS & MATHEMATICAL FINANCE,546
2021/2022,INFORMATION AND COMMUNICATION TECHNOLOGY (ICT),546
2021/2022,INFORMATION COMMUNICATION TECHNOLOGY,546
2021/2022,INFORMATION SYSTEMS,546
2021/2022,INFORMATION TECHNOLOGY & MANAGEMENT,546
2021/2022,INFORMATION TECHNOLOGY (IT),546
2021/2022,ISLAMIC STUDIES,546
2021/2022,LANDSCAPE ARCHITECTURE,546
2021/2022,LAW,546
2021/2022,MANAGEMENT,546
2021/2022,MANAGEMENT (PUBLIC) HONOURS,546
2021/2022,MANAGEMENT AND INFORMATION TECHNOLOGY (MIT),546
2021/2022,MANAGEMENT AND INFORMATION TECHNOLOGY (SEUSL),546
2021/2022,MANAGEMENT STUDIES (TV) - A [Commerce Stream],546
2021/2022,MANAGEMENT STUDIES (TV) - B [Any subject combination],546
2021/2022,MARINE AND FRESHWATER SCIENCES,546
2021/2022,MEDICAL LABORATORY SCIENCES,546
2021/2022,MEDICINE,546
2021/2022,MINERAL RESOURCES AND TECHNOLOGY,546
2021/2022,MUSIC,546
2021/2022,NURSING,546
2021/2022,OCCUPATIONAL THERAPY,546
2021/2022,OPTOMETRY,546
2021/2022,PALM AND LATEX TECHNOLOGY & VALUE ADDITION,546
2021/2022,PEACE & CONFLICT RESOLUTION,546
2021/2022,PHARMACY,546
2021/2022,PHYSICAL EDUCATION,546
2021/2022,PHYSICAL SCIENCE,546
2021/2022,PHYSICAL SCIENCE -ICT,546
2021/2022,PHYSIOTHERAPY,546
2021/2022,PROJECT MANAGEMENT,546
2021/2022,QUANTITY SURVEYING,546
2021/2022,RADIOGRAPHY,546
2021/2022,SCIENCE AND TECHNOLOGY,546
2021/2022,SIDDHA MEDICINE & SURGERY,546
2021/2022,SOCIAL STUDIES IN INDIGENOUS KNOWLEDGE,546
2021/2022,SOCIAL WORK,546
2021/2022,SOFTWARE ENGINEERING,546
2021/2022,SPEECH AND HEARING SCIENCES,546
2021/2022,SPORTS SCIENCE & MANAGEMENT,546
2021/2022,STATISTICS & OPERATIONS RESEARCH,546
2021/2022,SURVEYING SCIENCE,546
2021/2022,TEA TECHNOLOGY & VALUE ADDITION,546
2021/2022,TEACHING ENGLISH AS A SECOND LANGUAGE (TESL),546
2021/2022,TOURISM & HOSPITALITY MANAGEMENT,546
2021/2022,TOWN & COUNTRY PLANNING,546
2021/2022,TRANSLATION STUDIES,546
2021/2022,TRANSPORT MANAGEMENT & LOGISTICS ENGINEERING (TMLE),546
2021/2022,UNANI MEDICINE & SURGERY,546
2021/2022,URBAN BIORESOURCES,546
2021/2022,VETERINARY SCIENCE,546
2021/2022,VISUAL & TECHNOLOGICAL ARTS,546
2021/2022,VISUAL ARTS,546
2021/2022,YOGA AND PARAPSYCHOLOGY,546
2022/2023,ACCOUNTING INFORMATION SYSTEMS,562
2022/2023,AGRI BUSINESS MANAGEMENT,562
2022/2023,AGRICULTURAL RESOURCE MANAGEMENT AND TECHNOLOGY,562
2022/2023,AGRICULTURAL TECHNOLOGY & MANAGEMENT,562
2022/2023,AGRICULTURE,562
2022/2023,ANIMAL PRODUCTION AND FOOD TECHNOLOGY,562
2022/2023,ANIMAL SCIENCE & FISHERIES,562
2022/2023,APPLIED CHEMISTRY,562
2022/2023,APPLIED SCIENCES (BIO.SC),562
2022/2023,APPLIED SCIENCES (PHY.SC),562
2022/2023,AQUATIC BIORESOURCES,562
2022/2023,AQUATIC RESOURCES TECHNOLOGY,562
2022/2023,ARABIC LANGUAGE,562
2022/2023,ARCHITECTURE,562
2022/2023,ART & DESIGN,562
2022/2023,ARTIFICIAL INTELLIGENCE,562
2022/2023,ARTS,562
2022/2023,ARTS (SAB) - A [Arts Stream],562
2022/2023,ARTS (SAB) - B [Commerce Stream],562
2022/2023,ARTS (SP) / MASS MEDIA,562
2022/2023,ARTS (SP) / PERFORMING ARTS,562
2022/2023,ARTS-INFORMATION TECHNOLOGY,562
2022/2023,AYURVEDIC MEDICINE & SURGERY,562
2022/2023,BANKING & INSURANCE,562
2022/2023,BIOCHEMISTRY & MOLECULAR BIOLOGY,562
2022/2023,BIOLOGICAL SCIENCE,562
2022/2023,BIOMEDICAL TECHNOLOGY,562
2022/2023,BIOSYSTEMS TECHNOLOGY (BST),562
2022/2023,BUSINESS INFORMATION SYSTEMS (HONOURS) (BIS),562
2022/2023,BUSINESS SCIENCE,562
2022/2023,COMMERCE,562
2022/2023,COMMUNICATION STUDIES,562
2022/2023,COMPUTER SCIENCE,562
2022/2023,COMPUTER SCIENCE & TECHNOLOGY,562
2022/2023,COMPUTING & INFORMATION SYSTEMS,562
2022/2023,CREATIVE MUSIC TECHNOLOGY & PRODUCTION,562
2022/2023,DANCE,562
2022/2023,DATA SCIENCE,562
2022/2023,DENTAL SURGERY,562
2022/2023,DESIGN,562
2022/2023,DRAMA & THEATRE,562
2022/2023,ELECTRONICS AND COMPUTER SCIENCE,562
2022/2023,ENGINEERING,562
2022/2023,ENGINEERING (EM),562
2022/2023,ENGINEERING (TM),562
2022/2023,ENGINEERING TECHNOLOGY (ET),562
2022/2023,ENGLISH LANGUAGE & APPLIED LINGUISTICS,562
2022/2023,ENTREPRENEURSHIP AND MANAGEMENT,562
2022/2023,ENVIRONMENTAL CONSERVATION & MANAGEMENT,562
2022/2023,EXPORT AGRICULTURE,562
2022/2023,FACILITIES MANAGEMENT,562
2022/2023,FASHION DESIGN & PRODUCT DEVELOPMENT,562
2022/2023,FILM & TELEVISION STUDIES,562
2022/2023,FINANCIAL ECONOMICS,562
2022/2023,FINANCIAL ENGINEERING,562
2022/2023,FINANCIAL MATHEMATICS AND INDUSTRIAL STATISTICS,562
2022/2023,FISHERIES & MARINE SCIENCES,562
2022/2023,FOOD BUSINESS MANAGEMENT [Biological / Physical Science Stream],562
2022/2023,FOOD BUSINESS MANAGEMENT [Commerce Stream],562
2022/2023,FOOD PRODUCTION & TECHNOLOGY MANAGEMENT,562
2022/2023,FOOD SCIENCE & NUTRITION,562
2022/2023,FOOD SCIENCE & TECHNOLOGY,562
2022/2023,GEOGRAPHICAL INFORMATION SCIENCE,562
2022/2023,GREEN TECHNOLOGY,562
2022/2023,HEALTH INFORMATION AND COMMUNICATION TECHNOLOGY,562
2022/2023,HEALTH PROMOTION,562
2022/2023,HEALTH TOURISM AND HOSPITALITY MANAGEMENT,562
2022/2023,"HOSPITALITY, TOURISM AND EVENTS MANAGEMENT",562
2022/2023,HUMAN RESOURCE DEVELOPMENT,562
2022/2023,INDIGENOUS MEDICINAL RESOURCES,562
2022/2023,INDIGENOUS PHARMACEUTICAL TECHNOLOGY,562
2022/2023,INDUSTRIAL INFORMATION TECHNOLOGY,562
2022/2023,INDUSTRIAL STATISTICS & MATHEMATICAL FINANCE,562
2022/2023,INFORMATION AND COMMUNICATION TECHNOLOGY (ICT),562
2022/2023,INFORMATION COMMUNICATION TECHNOLOGY,562
2022/2023,INFORMATION SYSTEMS,562
2022/2023,INFORMATION TECHNOLOGY & MANAGEMENT,562
2022/2023,INFORMATION TECHNOLOGY (IT),562
2022/2023,ISLAMIC STUDIES,562
2022/2023,LANDSCAPE ARCHITECTURE,562
2022/2023,LAW,562
2022/2023,MANAGEMENT,562
2022/2023,MANAGEMENT (PUBLIC) HONOURS,562
2022/2023,MANAGEMENT AND INFORMATION TECHNOLOGY (MIT),562
2022/2023,MANAGEMENT AND INFORMATION TECHNOLOGY (SEUSL),562
2022/2023,MANAGEMENT STUDIES (TV) - A [Commerce Stream],562
2022/2023,MANAGEMENT STUDIES (TV) - B [Any subject combination],562
2022/2023,MARINE AND FRESHWATER SCIENCES,562
2022/2023,MEDICAL IMAGING TECHNOLOGY,562
2022/2023,MEDICAL LABORATORY SCIENCES,562
2022/2023,MEDICINE,562
2022/2023,MINERAL RESOURCES AND TECHNOLOGY,562
2022/2023,MUSIC,562
2022/2023,NURSING,562
2022/2023,OCCUPATIONAL THERAPY,562
2022/2023,OPTOMETRY,562
2022/2023,PEACE & CONFLICT RESOLUTION,562
2022/2023,PHARMACY,562
2022/2023,PHYSICAL EDUCATION,562
2022/2023,PHYSICAL SCIENCE,562
2022/2023,PHYSICAL SCIENCE -ICT,562
2022/2023,PHYSIOTHERAPY,562
2022/2023,PLANTATION MANAGEMENT AND TECHNOLOGY,562
2022/2023,PRIMARY EDUCATION,562
2022/2023,PROJECT MANAGEMENT,562
2022/2023,QUANTITY SURVEYING,562
2022/2023,RADIOGRAPHY,562
2022/2023,REAL ESTATE MANAGEMENT & VALUATION,562
2022/2023,SCIENCE AND TECHNOLOGY,562
2022/2023,SIDDHA MEDICINE & SURGERY,562
2022/2023,SOCIAL STUDIES IN INDIGENOUS KNOWLEDGE,562
2022/2023,SOCIAL WORK,562
2022/2023,SOFTWARE ENGINEERING,562
2022/2023,SPEECH AND HEARING SCIENCES,562
2022/2023,SPORTS SCIENCE & MANAGEMENT,562
2022/2023,STATISTICS & OPERATIONS RESEARCH,562
2022/2023,SURVEYING SCIENCE,562
2022/2023,TEACHING ENGLISH AS A SECOND LANGUAGE (TESL),562
2022/2023,TOURISM & HOSPITALITY MANAGEMENT,562
2022/2023,TOWN & COUNTRY PLANNING,562
2022/2023,TRANSLATION STUDIES,562
2022/2023,TRANSPORT MANAGEMENT & LOGISTICS ENGINEERING (TMLE),562
2022/2023,UNANI MEDICINE & SURGERY,562
2022/2023,URBAN BIORESOURCES,562
2022/2023,VETERINARY SCIENCE,562
2022/2023,VISUAL & TECHNOLOGICAL ARTS,562
2022/2023,VISUAL ARTS,562
2022/2023,YOGA AND PARAPSYCHOLOGY,562
2023/2024,ACCOUNTING INFORMATION SYSTEMS,579
2023/2024,AGRI BUSINESS MANAGEMENT,579
2023/2024,AGRICULTURAL RESOURCE MANAGEMENT AND TECHNOLOGY,579
2023/2024,AGRICULTURAL TECHNOLOGY & MANAGEMENT,579
2023/2024,AGRICULTURE,579
2023/2024,ANIMAL PRODUCTION AND FOOD TECHNOLOGY,579
2023/2024,ANIMAL SCIENCE & FISHERIES,579
2023/2024,APPLIED CHEMISTRY,579
2023/2024,APPLIED SCIENCES (BIO.SC),579
2023/2024,APPLIED SCIENCES (PHY.SC),579
2023/2024,AQUATIC BIORESOURCES,579
2023/2024,AQUATIC RESOURCES TECHNOLOGY,579
2023/2024,ARABIC LANGUAGE,579
2023/2024,ARCHITECTURE,579
2023/2024,ART & DESIGN,579
2023/2024,ARTIFICIAL INTELLIGENCE,579
2023/2024,ARTS,579
2023/2024,ARTS (SAB) - A [Arts Stream],579
2023/2024,ARTS (SAB) - B [Commerce Stream],579
2023/2024,ARTS (SP) / MASS MEDIA,579
2023/2024,ARTS (SP) / PERFORMING ARTS,579
2023/2024,ARTS-INFORMATION TECHNOLOGY,579
2023/2024,AYURVEDIC MEDICINE & SURGERY,579
2023/2024,BANKING & INSURANCE,579
2023/2024,BIOCHEMISTRY & MOLECULAR BIOLOGY,579
2023/2024,BIOLOGICAL SCIENCE,579
2023/2024,BIOSYSTEMS TECHNOLOGY (BST),579
2023/2024,BUSINESS SCIENCE,579
2023/2024,COMMERCE,579
2023/2024,COMMUNICATION STUDIES,579
2023/2024,COMPUTER SCIENCE,579
2023/2024,COMPUTER SCIENCE & TECHNOLOGY,579
2023/2024,CREATIVE MUSIC TECHNOLOGY & PRODUCTION,579
2023/2024,DANCE,579
2023/2024,DATA SCIENCE,579
2023/2024,DENTAL SURGERY,579
2023/2024,DESIGN,579
2023/2024,DRAMA & THEATRE,579
2023/2024,ELECTRONICS AND COMPUTER SCIENCE,579
2023/2024,ENGINEERING,579
2023/2024,ENGINEERING (EM),579
2023/2024,ENGINEERING (TM),579
2023/2024,ENGINEERING TECHNOLOGY (ET),579
2023/2024,ENGLISH LANGUAGE & APPLIED LINGUISTICS,579
2023/2024,ENTREPRENEURSHIP AND MANAGEMENT,579
2023/2024,ENVIRONMENTAL CONSERVATION & MANAGEMENT,579
2023/2024,EXPORT AGRICULTURE,579
2023/2024,FACILITIES MANAGEMENT,579
2023/2024,FASHION DESIGN & PRODUCT DEVELOPMENT,579
2023/2024,FILM & TELEVISION STUDIES,579
2023/2024,FINANCIAL ECONOMICS,579
2023/2024,FINANCIAL ENGINEERING,579
2023/2024,FINANCIAL MATHEMATICS AND INDUSTRIAL STATISTICS,579
2023/2024,FISHERIES & MARINE SCIENCES,579
2023/2024,FOOD BUSINESS MANAGEMENT [Biological / Physical Science Stream],579
2023/2024,FOOD BUSINESS MANAGEMENT [Commerce Stream],579
2023/2024,FOOD PRODUCTION & TECHNOLOGY MANAGEMENT,579
2023/2024,FOOD SCIENCE & NUTRITION,579
2023/2024,FOOD SCIENCE & TECHNOLOGY,579
2023/2024,GEOGRAPHICAL INFORMATION SCIENCE,579
2023/2024,GREEN TECHNOLOGY,579
2023/2024,"HOSPITALITY, TOURISM AND EVENTS MANAGEMENT",579
2023/2024,HUMAN RESOURCE DEVELOPMENT,579
2023/2024,INDIGENOUS MEDICINAL RESOURCES,579
2023/2024,INDUSTRIAL INFORMATION TECHNOLOGY,579
2023/2024,INDUSTRIAL STATISTICS & MATHEMATICAL FINANCE,579
2023/2024,INFORMATION COMMUNICATION TECHNOLOGY,579
2023/2024,INFORMATION SYSTEMS,579
2023/2024,INFORMATION TECHNOLOGY & MANAGEMENT,579
2023/2024,INFORMATION TECHNOLOGY (IT),579
2023/2024,ISLAMIC STUDIES,579
2023/2024,LANDSCAPE ARCHITECTURE,579
2023/2024,LAW,579
2023/2024,MANAGEMENT,579
2023/2024,MANAGEMENT (PUBLIC) HONOURS,579
2023/2024,MANAGEMENT AND INFORMATION TECHNOLOGY (MIT) (BIO SCIENCE STREAM),579
2023/2024,MANAGEMENT AND INFORMATION TECHNOLOGY (MIT) (OTHER STREAM),579
2023/2024,MANAGEMENT AND INFORMATION TECHNOLOGY (SEUSL),579
2023/2024,MANAGEMENT STUDIES (TV) - A [Commerce Stream],579
2023/2024,MANAGEMENT STUDIES (TV) - B [Any subject combination],579
2023/2024,MARINE AND FRESHWATER SCIENCES,579
2023/2024,MEDICAL IMAGING TECHNOLOGY,579
2023/2024,MEDICAL LABORATORY SCIENCES,579
2023/2024,MEDICINE,579
2023/2024,MINERAL RESOURCES AND TECHNOLOGY,579
2023/2024,MUSIC,579
2023/2024,"Medicine, Sri Lanka) BIOMEDICAL TECHNOLOGY",579
2023/2024,"Medicine, Sri Lanka) HEALTH INFORMATION AND COMMUNICATION TECHNOLOGY",579
2023/2024,"Medicine, Sri Lanka) HEALTH PROMOTION",579
2023/2024,"Medicine, Sri Lanka) HEALTH TOURISM AND HOSPITALITY MANAGEMENT",579
2023/2024,"Medicine, Sri Lanka) INDIGENOUS PHARMACEUTICAL TECHNOLOGY",579
2023/2024,"Medicine, Sri Lanka) SOCIAL STUDIES IN INDIGENOUS KNOWLEDGE",579
2023/2024,"Medicine, Sri Lanka) UNANI MEDICINE & SURGERY",579
2023/2024,"Medicine, Sri Lanka) YOGA AND PARAPSYCHOLOGY",579
2023/2024,NURSING,579
2023/2024,OCCUPATIONAL THERAPY,579
2023/2024,OPTOMETRY,579
2023/2024,PEACE & CONFLICT RESOLUTION,579
2023/2024,PHARMACY,579
2023/2024,PHYSICAL EDUCATION,579
2023/2024,PHYSICAL SCIENCE,579
2023/2024,PHYSICAL SCIENCE -ICT,579
2023/2024,PHYSIOTHERAPY,579
2023/2024,PLANTATION MANAGEMENT AND TECHNOLOGY,579
2023/2024,POLYMER SCIENCE AND INDUSTRIAL MANAGEMENT,579
2023/2024,PRIMARY EDUCATION,579
2023/2024,PROJECT MANAGEMENT,579
2023/2024,QUANTITY SURVEYING,579
2023/2024,RADIOGRAPHY,579
2023/2024,REAL ESTATE MANAGEMENT & VALUATION,579
2023/2024,SCIENCE AND TECHNOLOGY,579
2023/2024,SIDDHA MEDICINE & SURGERY,579
2023/2024,SOCIAL WORK,579
2023/2024,SOFTWARE ENGINEERING,579
2023/2024,SPEECH AND HEARING SCIENCES,579
2023/2024,SPORTS SCIENCE & MANAGEMENT,579
2023/2024,STATISTICS & OPERATIONS RESEARCH,579
2023/2024,SURVEYING SCIENCE,579
2023/2024,TEACHING ENGLISH AS A SECOND LANGUAGE (TESL),579
2023/2024,TOURISM & HOSPITALITY MANAGEMENT,579
2023/2024,TOWN & COUNTRY PLANNING,579
2023/2024,TRANSLATION STUDIES,579
2023/2024,URBAN BIORESOURCES,579
2023/2024,VETERINARY SCIENCE,579
2023/2024,VISUAL & TECHNOLOGICAL ARTS,579
2023/2024,VISUAL ARTS,579
2024/2025,ACCOUNTING INFORMATION SYSTEMS,597
2024/2025,AGRI BUSINESS MANAGEMENT,597
2024/2025,AGRICULTURAL RESOURCE MANAGEMENT AND TECHNOLOGY,597
2024/2025,AGRICULTURAL TECHNOLOGY & MANAGEMENT,597
2024/2025,AGRICULTURE,597
2024/2025,ANIMAL PRODUCTION AND FOOD TECHNOLOGY,597
2024/2025,ANIMAL SCIENCE & FISHERIES,597
2024/2025,APPLIED CHEMISTRY,597
2024/2025,APPLIED SCIENCES (BIO.SC),597
2024/2025,APPLIED SCIENCES (PHY.SC),597
2024/2025,AQUATIC BIORESOURCES,597
2024/2025,AQUATIC RESOURCES TECHNOLOGY,597
2024/2025,ARABIC LANGUAGE,597
2024/2025,ARCHITECTURE,597
2024/2025,ART & DESIGN,597
2024/2025,ARTIFICIAL INTELLIGENCE,597
2024/2025,ARTS,597
2024/2025,ARTS (SAB) - A [Arts Stream],597
2024/2025,ARTS (SAB) - B [Commerce Stream],597
2024/2025,ARTS (SP) / MASS MEDIA,597
2024/2025,ARTS (SP) / PERFORMING ARTS,597
2024/2025,ARTS-INFORMATION TECHNOLOGY,597
2024/2025,AYURVEDA MEDICINE & SURGERY,597
2024/2025,BANKING & INSURANCE,597
2024/2025,BIOCHEMISTRY & MOLECULAR BIOLOGY,597
2024/2025,BIOLOGICAL SCIENCE,597
2024/2025,BIOSYSTEMS TECHNOLOGY (BST),597
2024/2025,BUSINESS SCIENCE,597
2024/2025,COMMERCE,597
2024/2025,COMMUNICATION STUDIES,597
2024/2025,COMPUTER SCIENCE,597
2024/2025,COMPUTER SCIENCE & TECHNOLOGY,597
2024/2025,CREATIVE MUSIC TECHNOLOGY & PRODUCTION,597
2024/2025,DANCE,597
2024/2025,DATA SCIENCE,597
2024/2025,DENTAL SURGERY,597
2024/2025,DESIGN,597
2024/2025,DRAMA & THEATRE,597
2024/2025,ELECTRONICS AND COMPUTER SCIENCE,597
2024/2025,ENGINEERING,597
2024/2025,ENGINEERING (EM),597
2024/2025,ENGINEERING (TM),597
2024/2025,ENGINEERING TECHNOLOGY (ET),597
2024/2025,ENGLISH LANGUAGE & APPLIED LINGUISTICS,597
2024/2025,ENTREPRENEURSHIP AND MANAGEMENT,597
2024/2025,ENVIRONMENTAL CONSERVATION & MANAGEMENT,597
2024/2025,EXPORT AGRICULTURE,597
2024/2025,FACILITIES MANAGEMENT,597
2024/2025,FASHION DESIGN & PRODUCT DEVELOPMENT,597
2024/2025,FILM & TELEVISION STUDIES,597
2024/2025,FINANCIAL ECONOMICS,597
2024/2025,FINANCIAL ENGINEERING,597
2024/2025,FINANCIAL MATHEMATICS AND INDUSTRIAL STATISTICS,597
2024/2025,FISHERIES & MARINE SCIENCES,597
2024/2025,FOOD BUSINESS MANAGEMENT [Biological / Physical Science Stream],597
2024/2025,FOOD BUSINESS MANAGEMENT [Commerce Stream],597
2024/2025,FOOD PRODUCTION & TECHNOLOGY MANAGEMENT,597
2024/2025,FOOD SCIENCE & NUTRITION,597
2024/2025,FOOD SCIENCE & TECHNOLOGY,597
2024/2025,GEOGRAPHICAL INFORMATION SCIENCE,597
2024/2025,GREEN TECHNOLOGY,597
2024/2025,"HOSPITALITY, TOURISM AND EVENTS MANAGEMENT",597
2024/2025,HUMAN RESOURCE DEVELOPMENT,597
2024/2025,INDIGENOUS MEDICINAL RESOURCES,597
2024/2025,INDUSTRIAL INFORMATION TECHNOLOGY,597
2024/2025,INDUSTRIAL STATISTICS & MATHEMATICAL FINANCE,597
2024/2025,INFORMATION COMMUNICATION TECHNOLOGY,597
2024/2025,INFORMATION SYSTEMS,597
2024/2025,INFORMATION TECHNOLOGY & MANAGEMENT,597
2024/2025,INFORMATION TECHNOLOGY (IT),597
2024/2025,ISLAMIC STUDIES,597
2024/2025,LANDSCAPE ARCHITECTURE,597
2024/2025,LAW,597
2024/2025,MANAGEMENT,597
2024/2025,MANAGEMENT AND INFORMATION TECHNOLOGY (MIT) (BIO SCIENCE STREAM),597
2024/2025,MANAGEMENT AND INFORMATION TECHNOLOGY (MIT) (OTHER STREAM),597
2024/2025,MANAGEMENT AND INFORMATION TECHNOLOGY (SEUSL),597
2024/2025,MANAGEMENT AND PUBLIC POLICY,597
2024/2025,MANAGEMENT STUDIES (TV) - A [Commerce Stream],597
2024/2025,MANAGEMENT STUDIES (TV) - B [Any subject combination],597
2024/2025,MARINE AND FRESHWATER SCIENCES,597
2024/2025,MEDICAL IMAGING TECHNOLOGY,597
2024/2025,MEDICAL LABORATORY SCIENCES,597
2024/2025,MEDICINE,597
2024/2025,MINERAL RESOURCES AND TECHNOLOGY,597
2024/2025,MUSIC,597
2024/2025,NURSING,597
2024/2025,OCCUPATIONAL THERAPY,597
2024/2025,OPTOMETRY,597
2024/2025,PEACE & CONFLICT RESOLUTION,597
2024/2025,PHARMACY,597
2024/2025,PHYSICAL EDUCATION,597
2024/2025,PHYSICAL SCIENCE,597
2024/2025,PHYSICAL SCIENCE -ICT,597
2024/2025,PHYSIOTHERAPY,597
2024/2025,PLANTATION MANAGEMENT AND TECHNOLOGY,597
2024/2025,POLYMER SCIENCE AND INDUSTRIAL MANAGEMENT,597
2024/2025,PRIMARY EDUCATION,597
2024/2025,PROJECT MANAGEMENT,597
2024/2025,QUANTITY SURVEYING,597
2024/2025,RADIOGRAPHY,597
2024/2025,REAL ESTATE MANAGEMENT & VALUATION,597
2024/2025,SCIENCE AND TECHNOLOGY,597
2024/2025,SERVICE MANAGEMENT,597
2024/2025,SIDDHA MEDICINE & SURGERY,597
2024/2025,SOCIAL WORK,597
2024/2025,SOFTWARE ENGINEERING,597
2024/2025,SPEECH AND HEARING SCIENCES,597
2024/2025,SPORTS SCIENCE & MANAGEMENT,597
2024/2025,STATISTICS & OPERATIONS RESEARCH,597
2024/2025,SURVEYING SCIENCE,597
2024/2025,Sri Lanka) BIOMEDICAL TECHNOLOGY,597
2024/2025,Sri Lanka) HEALTH INFORMATION AND COMMUNICATION TECHNOLOGY,597
2024/2025,Sri Lanka) HEALTH PROMOTION,597
2024/2025,Sri Lanka) HEALTH TOURISM AND HOSPITALITY MANAGEMENT,597
2024/2025,Sri Lanka) INDIGENOUS PHARMACEUTICAL TECHNOLOGY,597
2024/2025,Sri Lanka) LAW,597
2024/2025,Sri Lanka) SOCIAL STUDIES IN INDIGENOUS KNOWLEDGE,597
2024/2025,Sri Lanka) UNANI MEDICINE & SURGERY,597
2024/2025,Sri Lanka) YOGA AND PARAPSYCHOLOGY,597
2024/2025,TEACHING ENGLISH AS A SECOND LANGUAGE (TESL),597
2024/2025,TOURISM & HOSPITALITY MANAGEMENT,597
2024/2025,TRANSLATION STUDIES,597
2024/2025,URBAN BIORESOURCES,597
2024/2025,URBAN INFORMATICS AND PLANNING,597
2024/2025,VETERINARY SCIENCE,597
2024/2025,VISUAL & TECHNOLOGICAL ARTS,597
2024/2025,VISUAL ARTS,597
2025/2026,ACCOUNTING INFORMATION SYSTEMS,614
2025/2026,AGRI BUSINESS MANAGEMENT,614
2025/2026,AGRICULTURAL RESOURCE MANAGEMENT AND TECHNOLOGY,614
2025/2026,AGRICULTURAL TECHNOLOGY & MANAGEMENT,614
2025/2026,AGRICULTURE,614
2025/2026,ANIMAL PRODUCTION AND FOOD TECHNOLOGY,614
2025/2026,ANIMAL SCIENCE & FISHERIES,614
2025/2026,APPLIED CHEMISTRY,614
2025/2026,APPLIED SCIENCES (BIO.SC),614
2025/2026,APPLIED SCIENCES (PHY.SC),614
2025/2026,AQUATIC BIORESOURCES,614
2025/2026,AQUATIC RESOURCES TECHNOLOGY,614
2025/2026,ARABIC LANGUAGE,614
2025/2026,ARCHITECTURE,614
2025/2026,ART & DESIGN,614
2025/2026,ARTIFICIAL INTELLIGENCE,614
2025/2026,ARTS,614
2025/2026,ARTS (SAB) - A [Arts Stream],614
2025/2026,ARTS (SAB) - B [Commerce Stream],614
2025/2026,ARTS (SP) / MASS MEDIA,614
2025/2026,ARTS (SP) / PERFORMING ARTS,614
2025/2026,ARTS-INFORMATION TECHNOLOGY,614
2025/2026,AYURVEDA MEDICINE & SURGERY,614
2025/2026,BANKING & INSURANCE,614
2025/2026,BIOCHEMISTRY & MOLECULAR BIOLOGY,614
2025/2026,BIOLOGICAL SCIENCE,614
2025/2026,BIOSYSTEMS TECHNOLOGY (BST),614
2025/2026,BUSINESS SCIENCE,614
2025/2026,COMMERCE,614
2025/2026,COMMUNICATION STUDIES,614
2025/2026,COMPUTER SCIENCE,614
2025/2026,COMPUTER SCIENCE & TECHNOLOGY,614
2025/2026,CREATIVE MUSIC TECHNOLOGY & PRODUCTION,614
2025/2026,DANCE,614
2025/2026,DATA SCIENCE,614
2025/2026,DENTAL SURGERY,614
2025/2026,DESIGN,614
2025/2026,DRAMA & THEATRE,614
2025/2026,ELECTRONICS AND COMPUTER SCIENCE,614
2025/2026,ENGINEERING,614
2025/2026,ENGINEERING (EM),614
2025/2026,ENGINEERING (TM),614
2025/2026,ENGINEERING TECHNOLOGY (ET),614
2025/2026,ENGLISH LANGUAGE & APPLIED LINGUISTICS,614
2025/2026,ENTREPRENEURSHIP AND MANAGEMENT,614
2025/2026,ENVIRONMENTAL CONSERVATION & MANAGEMENT,614
2025/2026,EXPORT AGRICULTURE,614
2025/2026,Electronic and Intelligent Systems Engineering,614
2025/2026,FACILITIES MANAGEMENT,614
2025/2026,FASHION DESIGN & PRODUCT DEVELOPMENT,614
2025/2026,FILM & TELEVISION STUDIES,614
2025/2026,FINANCIAL ECONOMICS,614
2025/2026,FINANCIAL ENGINEERING,614
2025/2026,FINANCIAL MATHEMATICS AND INDUSTRIAL STATISTICS,614
2025/2026,FISHERIES & MARINE SCIENCES,614
2025/2026,FOOD BUSINESS MANAGEMENT [Biological / Physical Science Stream],614
2025/2026,FOOD BUSINESS MANAGEMENT [Commerce Stream],614
2025/2026,FOOD PRODUCTION & TECHNOLOGY MANAGEMENT,614
2025/2026,FOOD SCIENCE & NUTRITION,614
2025/2026,FOOD SCIENCE & TECHNOLOGY,614
2025/2026,GEOGRAPHICAL INFORMATION SCIENCE,614
2025/2026,GEOGRAPHICAL INFORMATION SYSTEMS,614
2025/2026,GREEN TECHNOLOGY,614
2025/2026,HEALTH PROMOTION,614
2025/2026,"HOSPITALITY, TOURISM AND EVENTS MANAGEMENT",614
2025/2026,HUMAN RESOURCE DEVELOPMENT,614
2025/2026,INDUSTRIAL INFORMATION TECHNOLOGY,614
2025/2026,INDUSTRIAL STATISTICS & MATHEMATICAL FINANCE,614
2025/2026,INFORMATION COMMUNICATION TECHNOLOGY,614
2025/2026,INFORMATION SYSTEMS,614
2025/2026,INFORMATION TECHNOLOGY & MANAGEMENT,614
2025/2026,INFORMATION TECHNOLOGY (IT),614
2025/2026,ISLAMIC STUDIES,614
2025/2026,LANDSCAPE ARCHITECTURE,614
2025/2026,LAW,614
2025/2026,MANAGEMENT,614
2025/2026,MANAGEMENT AND INFORMATION TECHNOLOGY (MIT) (BIO SCIENCE STREAM),614
2025/2026,MANAGEMENT AND INFORMATION TECHNOLOGY (MIT) (OTHER STREAM),614
2025/2026,MANAGEMENT AND INFORMATION TECHNOLOGY (SEUSL),614
2025/2026,MANAGEMENT AND PUBLIC POLICY,614
2025/2026,MANAGEMENT STUDIES (TV) - A [Commerce Stream],614
2025/2026,MANAGEMENT STUDIES (TV) - B [Any subject combination],614
2025/2026,MARINE AND FRESHWATER SCIENCES,614
2025/2026,MEDICAL IMAGING TECHNOLOGY,614
2025/2026,MEDICAL LABORATORY SCIENCES,614
2025/2026,MEDICINE,614
2025/2026,MINERAL RESOURCES AND TECHNOLOGY,614
2025/2026,MUSIC,614
2025/2026,NURSING,614
2025/2026,OCCUPATIONAL THERAPY,614
2025/2026,OPTOMETRY,614
2025/2026,PEACE & CONFLICT RESOLUTION,614
2025/2026,PHARMACY,614
2025/2026,PHYSICAL EDUCATION,614
2025/2026,PHYSICAL SCIENCE,614
2025/2026,PHYSICAL SCIENCE -ICT,614
2025/2026,PHYSIOTHERAPY,614
2025/2026,PLANTATION MANAGEMENT AND TECHNOLOGY,614
2025/2026,POLYMER SCIENCE AND INDUSTRIAL MANAGEMENT,614
2025/2026,PRIMARY EDUCATION,614
2025/2026,PROJECT MANAGEMENT,614
2025/2026,QUANTITY SURVEYING,614
2025/2026,RADIOGRAPHY,614
2025/2026,REAL ESTATE MANAGEMENT & VALUATION,614
2025/2026,SCIENCE AND TECHNOLOGY,614
2025/2026,SIDDHA MEDICINE & SURGERY,614
2025/2026,SOCIAL WORK,614
2025/2026,SOFTWARE ENGINEERING,614
2025/2026,SPEECH AND HEARING SCIENCES,614
2025/2026,SPORTS SCIENCE,614
2025/2026,SPORTS SCIENCE & MANAGEMENT,614
2025/2026,STATISTICS & OPERATIONS RESEARCH,614
2025/2026,SURVEYING SCIENCE,614
2025/2026,Sri Lanka) UNANI MEDICINE & SURGERY,614
2025/2026,TEACHING ENGLISH AS A SECOND LANGUAGE (TESL),614
2025/2026,TOURISM & HOSPITALITY MANAGEMENT,614
2025/2026,TRANSLATION STUDIES,614
2025/2026,URBAN BIORESOURCES,614
2025/2026,URBAN INFORMATICS AND PLANNING,614
2025/2026,VETERINARY SCIENCE,614
2025/2026,VISUAL & TECHNOLOGICAL ARTS,614
2025/2026,VISUAL ARTS,614
